 Full Name,First Name,Middle Name,Last Name,Email,Mobile Phone,Organisation Name
"Crystal	Bowers",Crystal,,Bowers,crystal.bowers@example.com,07700 900778,
"Rudolph	Douglas",Rudolph,,Douglas,rudolph.douglas@example.com,7700 900442,
"Nathan	Edwards",Nathan,,Edwards,nathan.edwards@example.com,7700 900490,
"Lena	Griffith",Lena,,Griffith,lena.griffith@example.com,07700 900933,
"Jordan	Little",Jordan,,Little,jordan.little@example.com,44 7700 900374,University of Somewhere
"Franklin	Lyons",Franklin,,Lyons,franklin.lyons@example.com,07700 900921,
"Geneva	Moore",Geneva,,Moore,geneva.moore@example.com,+44 7700 900891,Institute of Bear Studies
Earl Sanders,Earl,,Sanders,earl.sanders@example.com,07700 900364,
"Rhonda	Sharp",Rhonda,,Sharp,rhonda.sharp@example.com,07700 900428,
"Maureen	Wolfe",Maureen,,Wolfe,maureen.wolfe@example.com,7700 900221,University of Nowhere